session_id,player_id,duration_s,kills,deaths,shots_fired,hits_taken,pickups,objective_progress
S0001,P1,1200.0,10.0,33.0,215.0,161.0,53.0,36.12407213647245
S0002,P1,1200.0,15.0,33.0,230.0,190.0,68.0,38.45026866386691
S0003,P1,1200.0,11.0,33.0,230.0,178.0,50.0,42.43740124499552
S0004,P1,1200.0,10.0,35.0,236.0,183.0,56.0,42.91404509648559
S0005,P1,1200.0,3.0,35.0,233.0,179.0,56.0,34.727310705574915
S0006,P1,1200.0,8.0,35.0,211.0,191.0,55.0,35.332863432480934
S0007,P1,1200.0,9.0,26.0,242.0,172.0,36.0,44.73616450684973
S0008,P1,1200.0,6.0,36.0,233.0,166.0,54.0,34.80244418003334
S0009,P1,1200.0,12.0,31.0,249.0,170.0,49.0,39.411093505341
S0010,P1,1200.0,10.0,28.0,225.0,208.0,50.0,37.98383487677947
S0011,P2,1200.0,5.0,18.0,194.0,88.0,10.0,14.873215984562169
S0012,P2,1200.0,4.0,17.0,,81.0,12.0,11.082434739311092
S0013,P2,1200.0,2.0,11.0,162.0,86.0,15.0,10.255499406333636
S0014,P2,1200.0,4.0,10.0,176.0,78.0,10.0,10.607029577189167
S0015,P2,1200.0,2.0,15.0,195.0,84.0,15.0,11.731273216867711
S0016,P2,1200.0,8.0,11.0,210.0,65.0,10.0,7.788561130972788
S0017,P2,1200.0,3.0,16.0,222.0,95.0,8.0,18.676088986764142
S0018,P2,1200.0,7.0,14.0,177.0,65.0,,9.273517844933117
S0019,P2,1200.0,4.0,16.0,181.0,,9.0,11.10574751653181
S0020,P2,1200.0,7.0,11.0,182.0,78.0,17.0,6.318739742098183
S0021,P3,1200.0,7.0,54.0,241.0,276.0,22.0,30.304249489054808
S0022,P3,1200.0,12.0,45.0,278.0,282.0,25.0,32.316706131088736
S0023,P3,1200.0,12.0,45.0,283.0,264.0,25.0,
S0024,P3,1200.0,5.0,47.0,234.0,282.0,37.0,25.63575542478793
S0025,P3,1200.0,8.0,53.0,249.0,298.0,22.0,30.24996518597892
S0026,P3,1200.0,6.0,50.0,281.0,293.0,25.0,30.62409920717861
S0027,P3,1200.0,5.0,54.0,255.0,297.0,21.0,23.98084596183772
S0028,P3,1200.0,15.0,57.0,246.0,261.0,19.0,21.268676580400186
S0029,P3,1200.0,10.0,50.0,292.0,278.0,26.0,27.68684786814311
S0030,P3,1200.0,15.0,49.0,265.0,264.0,26.0,26.100747010416022
S0031,P4,1200.0,11.0,33.0,224.0,180.0,47.0,42.77874403508926
S0032,P4,1200.0,14.0,24.0,238.0,193.0,43.0,46.35957096552802
S0033,P4,1200.0,9.0,27.0,244.0,162.0,52.0,38.134704952905096
S0034,P4,1200.0,5.0,33.0,239.0,183.0,61.0,38.02948039955736
S0035,P4,1200.0,12.0,27.0,251.0,183.0,41.0,42.846775634162725
S0036,P4,1200.0,4.0,27.0,219.0,184.0,57.0,42.29792820621201
S0037,P4,1200.0,10.0,31.0,236.0,197.0,66.0,36.97066954691757
S0038,P4,1200.0,9.0,20.0,241.0,191.0,43.0,42.47305900065459
S0039,P4,1200.0,7.0,37.0,222.0,178.0,44.0,36.7033522521026
S0040,P4,1200.0,16.0,21.0,238.0,203.0,41.0,42.16883031815531
S0041,P5,1200.0,16.0,,339.0,238.0,22.0,48.123890121457435
S0042,P5,1200.0,20.0,37.0,359.0,241.0,23.0,53.884593115231134
S0043,P5,1200.0,12.0,32.0,367.0,248.0,30.0,49.77600064754174
S0044,P5,1200.0,15.0,42.0,327.0,233.0,17.0,48.86360027992104
S0045,P5,1200.0,11.0,41.0,352.0,263.0,24.0,53.36127358593267
S0046,P5,1200.0,22.0,39.0,359.0,262.0,21.0,57.52126599480266
S0047,P5,1200.0,17.0,46.0,363.0,250.0,26.0,48.10504445497001
S0048,P5,1200.0,14.0,45.0,345.0,250.0,27.0,54.10450086361314
S0049,P5,1200.0,,33.0,361.0,264.0,17.0,49.26356115182371
S0050,P5,1200.0,16.0,49.0,348.0,245.0,23.0,50.01632680271603
S0051,P6,1200.0,5.0,58.0,232.0,277.0,20.0,21.365649246269783
S0052,P6,1200.0,11.0,60.0,258.0,273.0,24.0,24.14057474045648
S0053,P6,1200.0,8.0,52.0,258.0,287.0,23.0,27.515878005976518
S0054,P6,1200.0,11.0,50.0,272.0,293.0,28.0,28.786375410268203
S0055,P6,1200.0,11.0,55.0,271.0,292.0,19.0,25.093500457689142
S0056,P6,1200.0,10.0,47.0,256.0,287.0,27.0,24.670392294852387
S0057,P6,1200.0,7.0,60.0,246.0,268.0,22.0,27.072461538959097
S0058,P6,1200.0,10.0,55.0,254.0,275.0,19.0,26.59112936622852
S0059,P6,1200.0,11.0,46.0,260.0,286.0,17.0,29.51894317284133
S0060,P6,1200.0,11.0,51.0,270.0,296.0,28.0,31.513923469960037
S0061,P7,1200.0,11.0,25.0,266.0,197.0,45.0,42.934704565922544
S0062,P7,1200.0,9.0,32.0,238.0,172.0,46.0,34.65600524520685
S0063,P7,1200.0,15.0,41.0,246.0,175.0,48.0,32.37226196738672
S0064,P7,1200.0,8.0,46.0,203.0,198.0,55.0,37.06382662053225
S0065,P7,1200.0,12.0,27.0,237.0,218.0,45.0,47.51312787416961
S0066,P7,1200.0,14.0,31.0,216.0,166.0,60.0,34.911326642310506
S0067,P7,1200.0,13.0,27.0,242.0,193.0,51.0,43.17389113866805
S0068,P7,1200.0,14.0,30.0,220.0,192.0,45.0,42.216624727041854
S0069,P7,1200.0,7.0,34.0,208.0,184.0,61.0,34.68836964754809
S0070,P7,1200.0,17.0,31.0,236.0,184.0,45.0,38.849337710560135
S0071,P8,1200.0,10.0,27.0,230.0,170.0,47.0,38.55239944291834
S0072,P8,1200.0,14.0,30.0,229.0,197.0,61.0,42.75575666027227
S0073,P8,1200.0,13.0,,242.0,183.0,46.0,41.340957622031716
S0074,P8,1200.0,4.0,31.0,228.0,216.0,48.0,43.10668278567309
S0075,P8,1200.0,10.0,30.0,244.0,216.0,42.0,41.96287453635533
S0076,P8,1200.0,7.0,34.0,248.0,178.0,46.0,40.38708126790171
S0077,P8,1200.0,9.0,33.0,219.0,,50.0,35.54783018823007
S0078,P8,1200.0,11.0,21.0,237.0,174.0,51.0,40.23813971080581
S0079,P8,1200.0,14.0,23.0,234.0,203.0,34.0,49.9512182485588
S0080,P8,1200.0,7.0,25.0,241.0,180.0,38.0,41.6350449938828
S0081,P9,1200.0,13.0,41.0,362.0,249.0,22.0,49.835015630875695
S0082,P9,1200.0,18.0,45.0,337.0,218.0,16.0,44.15665963651323
S0083,P9,1200.0,9.0,43.0,366.0,234.0,23.0,46.67618363209196
S0084,P9,1200.0,15.0,41.0,338.0,228.0,26.0,45.75266354475317
S0085,P9,1200.0,16.0,42.0,340.0,258.0,20.0,55.35869760240741
S0086,P9,1200.0,,42.0,360.0,270.0,26.0,53.97184091772498
S0087,P9,1200.0,12.0,54.0,369.0,263.0,28.0,50.07228620498145
S0088,P9,1200.0,10.0,44.0,,241.0,19.0,51.394833763728705
S0089,P9,1200.0,14.0,47.0,344.0,269.0,18.0,51.5453995207007
S0090,P9,1200.0,20.0,43.0,352.0,250.0,23.0,50.83774794967738
S0091,P10,1200.0,9.0,8.0,208.0,97.0,20.0,17.701488302993486
S0092,P10,1200.0,6.0,12.0,220.0,85.0,8.0,20.05330274023502
S0093,P10,1200.0,1.0,22.0,192.0,67.0,13.0,7.281774450364097
S0094,P10,1200.0,8.0,13.0,179.0,88.0,15.0,10.515659463270298
S0095,P10,1200.0,9.0,6.0,211.0,83.0,13.0,12.430231207924685
S0096,P10,1200.0,8.0,12.0,203.0,80.0,6.0,15.813129397652492
S0097,P10,1200.0,7.0,17.0,219.0,79.0,10.0,13.324640170909621
S0098,P10,1200.0,5.0,15.0,212.0,81.0,14.0,10.720817978372375
S0099,P10,1200.0,3.0,19.0,182.0,79.0,17.0,9.687856082327627
S0100,P10,1200.0,5.0,19.0,199.0,92.0,14.0,13.900664956183364
S0101,P11,1200.0,4.0,14.0,195.0,97.0,16.0,10.823640717995396
S0102,P11,1200.0,3.0,11.0,185.0,56.0,18.0,7.068517392661498
S0103,P11,1200.0,5.0,15.0,175.0,81.0,11.0,11.988411722913261
S0104,P11,1200.0,3.0,15.0,191.0,82.0,12.0,11.210030097772822
S0105,P11,1200.0,4.0,11.0,197.0,69.0,10.0,15.152335484569043
S0106,P11,1200.0,4.0,12.0,175.0,49.0,20.0,1.2638040076105146
S0107,P11,1200.0,2.0,10.0,202.0,85.0,20.0,12.410406658563533
S0108,P11,1200.0,4.0,15.0,195.0,87.0,8.0,15.049474725705045
S0109,P11,1200.0,7.0,16.0,186.0,81.0,10.0,9.646178798284433
S0110,P11,1200.0,4.0,10.0,201.0,66.0,13.0,
S0111,P12,1200.0,9.0,64.0,262.0,,28.0,24.88056873356284
S0112,P12,1200.0,11.0,48.0,268.0,280.0,21.0,29.76738579947307
S0113,P12,1200.0,11.0,62.0,257.0,304.0,26.0,27.66856791580368
S0114,P12,1200.0,,53.0,279.0,296.0,22.0,27.25035886592154
S0115,P12,1200.0,9.0,48.0,254.0,,27.0,24.401771791836723
S0116,P12,1200.0,9.0,65.0,240.0,291.0,26.0,22.74704483216429
S0117,P12,1200.0,16.0,55.0,262.0,283.0,25.0,
S0118,P12,1200.0,11.0,49.0,287.0,262.0,33.0,27.352901889112218
S0119,P12,1200.0,7.0,49.0,244.0,315.0,34.0,30.303354664597034
S0120,P12,1200.0,7.0,55.0,220.0,276.0,20.0,23.17062123645871
S0121,P13,1200.0,8.0,33.0,228.0,179.0,54.0,40.73153731463163
S0122,P13,1200.0,13.0,28.0,221.0,170.0,39.0,40.826076444030925
S0123,P13,1200.0,12.0,28.0,234.0,198.0,47.0,43.252622755890464
S0124,P13,1200.0,6.0,38.0,242.0,188.0,39.0,37.3297054112518
S0125,P13,1200.0,9.0,25.0,216.0,206.0,44.0,45.488230094630104
S0126,P13,1200.0,11.0,28.0,244.0,180.0,52.0,41.70419325160821
S0127,P13,1200.0,4.0,36.0,217.0,183.0,53.0,39.05588335642053
S0128,P13,1200.0,6.0,37.0,221.0,185.0,61.0,37.48961082363345
S0129,P13,1200.0,10.0,25.0,237.0,,42.0,42.90948786885306
S0130,P13,1200.0,7.0,30.0,208.0,208.0,54.0,37.57515896760208
S0131,P14,1200.0,8.0,55.0,268.0,259.0,28.0,18.331016315478898
S0132,P14,1200.0,,54.0,257.0,311.0,22.0,30.398301984045755
S0133,P14,1200.0,6.0,58.0,243.0,289.0,29.0,20.63015200890332
S0134,P14,1200.0,10.0,55.0,268.0,271.0,22.0,25.277589652789285
S0135,P14,1200.0,7.0,50.0,219.0,266.0,24.0,23.6014691001621
S0136,P14,1200.0,6.0,57.0,264.0,273.0,18.0,23.584653817080405
S0137,P14,1200.0,5.0,49.0,252.0,258.0,25.0,27.55642347912371
S0138,P14,1200.0,6.0,58.0,235.0,273.0,21.0,
S0139,P14,1200.0,13.0,55.0,275.0,299.0,13.0,35.54576548241223
S0140,P14,1200.0,10.0,45.0,270.0,285.0,29.0,30.599455792238217
S0141,P15,1200.0,8.0,20.0,188.0,109.0,10.0,12.96952571057492
S0142,P15,1200.0,7.0,16.0,183.0,81.0,12.0,11.647259244372368
S0143,P15,1200.0,2.0,6.0,167.0,87.0,18.0,10.850516064822932
S0144,P15,1200.0,2.0,12.0,207.0,67.0,12.0,8.769749902735262
S0145,P15,1200.0,4.0,8.0,173.0,69.0,13.0,7.949896259940209
S0146,P15,1200.0,6.0,17.0,187.0,97.0,10.0,9.91282690838327
S0147,P15,1200.0,4.0,12.0,199.0,73.0,8.0,6.712402793544116
S0148,P15,1200.0,3.0,9.0,188.0,71.0,9.0,7.635657757259402
S0149,P15,1200.0,3.0,20.0,175.0,85.0,11.0,7.340111464903948
S0150,P15,1200.0,5.0,17.0,185.0,,16.0,4.381043256509657
S0151,P16,1200.0,12.0,43.0,351.0,252.0,25.0,56.500804541832586
S0152,P16,1200.0,15.0,48.0,355.0,259.0,30.0,51.15127241739759
S0153,P16,1200.0,13.0,46.0,341.0,219.0,,47.36374610126834
S0154,P16,1200.0,15.0,43.0,,275.0,31.0,50.07414793306959
S0155,P16,1200.0,14.0,39.0,354.0,254.0,24.0,50.39615871777139
S0156,P16,1200.0,14.0,40.0,377.0,230.0,22.0,52.145000245676805
S0157,P16,1200.0,16.0,37.0,359.0,242.0,12.0,56.64086171527883
S0158,P16,1200.0,21.0,41.0,384.0,258.0,17.0,57.20385482983175
S0159,P16,1200.0,10.0,34.0,336.0,250.0,24.0,50.902201404407414
S0160,P16,1200.0,21.0,39.0,373.0,251.0,21.0,56.19880096804933
S0161,P17,1200.0,12.0,29.0,230.0,169.0,36.0,36.8704919966597
S0162,P17,1200.0,6.0,33.0,258.0,199.0,32.0,43.80221620611478
S0163,P17,1200.0,5.0,30.0,220.0,191.0,46.0,39.89156402621928
S0164,P17,1200.0,10.0,27.0,230.0,160.0,53.0,37.44329645318827
S0165,P17,1200.0,10.0,30.0,238.0,186.0,41.0,38.593156929183365
S0166,P17,1200.0,15.0,37.0,238.0,169.0,55.0,43.32563691260332
S0167,P17,1200.0,14.0,30.0,239.0,190.0,51.0,44.83918587063008
S0168,P17,1200.0,9.0,35.0,231.0,197.0,54.0,35.81447982562715
S0169,P17,1200.0,11.0,34.0,234.0,195.0,60.0,37.728299685099856
S0170,P17,1200.0,10.0,27.0,222.0,161.0,47.0,43.712537882195655
S0171,P18,1200.0,10.0,40.0,327.0,253.0,24.0,57.88158405951192
S0172,P18,1200.0,14.0,29.0,365.0,255.0,21.0,57.00217909065773
S0173,P18,1200.0,17.0,39.0,353.0,255.0,20.0,52.34716613390131
S0174,P18,1200.0,13.0,41.0,357.0,256.0,17.0,51.41542210492446
S0175,P18,1200.0,18.0,41.0,384.0,223.0,30.0,52.90719140052927
S0176,P18,1200.0,19.0,44.0,371.0,282.0,20.0,50.89610611080079
S0177,P18,1200.0,11.0,43.0,377.0,293.0,18.0,54.38281149577706
S0178,P18,1200.0,13.0,34.0,400.0,261.0,19.0,53.66435988703279
S0179,P18,1200.0,13.0,44.0,328.0,228.0,25.0,48.41573785118154
S0180,P18,1200.0,15.0,44.0,341.0,242.0,18.0,47.563163205583876
S0181,P19,1200.0,13.0,58.0,255.0,275.0,27.0,24.829485052421514
S0182,P19,1200.0,10.0,48.0,264.0,265.0,25.0,24.861316678847697
S0183,P19,1200.0,10.0,44.0,257.0,288.0,20.0,32.323899610741464
S0184,P19,1200.0,10.0,62.0,268.0,276.0,29.0,25.322869953086904
S0185,P19,1200.0,7.0,48.0,,286.0,31.0,25.37713209688332
S0186,P19,1200.0,11.0,42.0,242.0,300.0,19.0,27.32906425173461
S0187,P19,1200.0,12.0,47.0,251.0,303.0,25.0,24.722066663441314
S0188,P19,1200.0,13.0,61.0,254.0,292.0,22.0,22.057304504206066
S0189,P19,1200.0,8.0,47.0,270.0,322.0,21.0,28.65906050362889
S0190,P19,1200.0,9.0,47.0,284.0,305.0,24.0,30.782300616688097
S0191,P20,1200.0,13.0,28.0,240.0,213.0,42.0,44.76565453308348
S0192,P20,1200.0,,,242.0,221.0,49.0,41.8881854577083
S0193,P20,1200.0,13.0,27.0,241.0,189.0,49.0,37.567263732493444
S0194,P20,1200.0,6.0,31.0,229.0,166.0,66.0,34.65784034123188
S0195,P20,1200.0,8.0,31.0,232.0,188.0,53.0,45.374263295789575
S0196,P20,1200.0,3.0,33.0,237.0,187.0,46.0,39.816391538286254
S0197,P20,1200.0,6.0,35.0,225.0,167.0,64.0,32.88647403544628
S0198,P20,1200.0,6.0,31.0,212.0,160.0,61.0,31.598003752362875
S0199,P20,1200.0,12.0,29.0,267.0,200.0,47.0,44.606382475778446
S0200,P20,1200.0,14.0,26.0,228.0,190.0,,35.1036176275669
S0201,P21,1200.0,5.0,31.0,238.0,181.0,38.0,42.63387486292768
S0202,P21,1200.0,13.0,,238.0,226.0,46.0,42.37191766630856
S0203,P21,1200.0,9.0,36.0,235.0,207.0,54.0,45.06175726901523
S0204,P21,1200.0,6.0,33.0,233.0,180.0,63.0,36.532942829284906
S0205,P21,1200.0,9.0,33.0,229.0,188.0,60.0,38.28491548070174
S0206,P21,1200.0,9.0,29.0,243.0,162.0,61.0,33.824717776126306
S0207,P21,1200.0,8.0,27.0,251.0,200.0,39.0,43.79722105494157
S0208,P21,1200.0,12.0,31.0,246.0,208.0,44.0,45.15495134266719
S0209,P21,1200.0,8.0,23.0,231.0,182.0,35.0,44.171015669330906
S0210,P21,1200.0,13.0,30.0,258.0,195.0,47.0,43.822322976178434
S0211,P22,1200.0,5.0,14.0,203.0,92.0,9.0,19.27874729554658
S0212,P22,1200.0,5.0,14.0,167.0,72.0,16.0,9.361312570771066
S0213,P22,1200.0,5.0,13.0,173.0,72.0,12.0,5.489852209387649
S0214,P22,1200.0,9.0,16.0,185.0,90.0,6.0,17.26331449080102
S0215,P22,1200.0,4.0,8.0,189.0,63.0,22.0,6.1831225292392995
S0216,P22,1200.0,5.0,12.0,177.0,69.0,17.0,8.526335759322937
S0217,P22,1200.0,4.0,18.0,164.0,57.0,14.0,5.940684601517349
S0218,P22,1200.0,7.0,15.0,211.0,83.0,12.0,11.294277475712946
S0219,P22,1200.0,,10.0,169.0,91.0,23.0,8.626046250686732
S0220,P22,1200.0,3.0,13.0,199.0,77.0,14.0,6.461872020997566
S0221,P23,1200.0,9.0,51.0,257.0,297.0,25.0,29.659050524800254
S0222,P23,1200.0,7.0,44.0,257.0,287.0,25.0,30.66196264777538
S0223,P23,1200.0,15.0,50.0,290.0,303.0,26.0,33.84263812198941
S0224,P23,1200.0,12.0,46.0,258.0,280.0,25.0,27.00029264904486
S0225,P23,1200.0,9.0,49.0,241.0,328.0,22.0,31.644189359282496
S0226,P23,1200.0,13.0,43.0,279.0,319.0,11.0,36.76559163704113
S0227,P23,1200.0,7.0,53.0,269.0,271.0,27.0,29.813647956971938
S0228,P23,1200.0,6.0,55.0,267.0,310.0,24.0,23.988688475148102
S0229,P23,1200.0,8.0,41.0,266.0,296.0,21.0,37.2403349565893
S0230,P23,1200.0,12.0,55.0,246.0,282.0,26.0,27.38845958632364
S0231,P24,1200.0,9.0,59.0,272.0,269.0,24.0,28.744400573123382
S0232,P24,1200.0,9.0,58.0,269.0,302.0,26.0,31.867000938873506
S0233,P24,1200.0,10.0,54.0,256.0,261.0,22.0,28.870424585840258
S0234,P24,1200.0,11.0,46.0,280.0,277.0,31.0,28.473845346771103
S0235,P24,1200.0,11.0,39.0,267.0,290.0,22.0,31.17947642213725
S0236,P24,1200.0,15.0,48.0,266.0,306.0,21.0,31.148559949556876
S0237,P24,1200.0,14.0,62.0,249.0,308.0,25.0,19.225196929014846
S0238,P24,1200.0,5.0,46.0,264.0,297.0,26.0,32.8107269323797
S0239,P24,1200.0,9.0,47.0,279.0,279.0,28.0,24.112327767084384
S0240,P24,1200.0,8.0,40.0,253.0,258.0,25.0,23.036994127534328
S0241,P25,1200.0,11.0,31.0,227.0,202.0,52.0,46.26131897942018
S0242,P25,1200.0,12.0,28.0,232.0,210.0,41.0,45.12882673223581
S0243,P25,1200.0,12.0,24.0,223.0,180.0,39.0,36.252423695455754
S0244,P25,1200.0,11.0,42.0,224.0,178.0,59.0,35.4975190967189
S0245,P25,1200.0,7.0,36.0,216.0,189.0,66.0,42.812184970627236
S0246,P25,1200.0,12.0,34.0,230.0,174.0,73.0,38.261023113982375
S0247,P25,1200.0,12.0,20.0,234.0,220.0,37.0,50.06821556820142
S0248,P25,1200.0,13.0,28.0,213.0,196.0,54.0,39.29202912334151
S0249,P25,1200.0,9.0,34.0,210.0,187.0,52.0,40.18876100281554
S0250,P25,1200.0,13.0,33.0,234.0,216.0,46.0,43.96512178551244
S0251,P26,1200.0,19.0,44.0,374.0,256.0,26.0,52.28469775768761
S0252,P26,1200.0,16.0,40.0,373.0,255.0,23.0,57.82524943473234
S0253,P26,1200.0,11.0,44.0,366.0,260.0,30.0,
S0254,P26,1200.0,19.0,38.0,371.0,227.0,20.0,54.06318536552146
S0255,P26,1200.0,13.0,39.0,360.0,263.0,22.0,53.35328487951914
S0256,P26,1200.0,16.0,36.0,,236.0,21.0,48.33528889085497
S0257,P26,1200.0,21.0,35.0,360.0,234.0,25.0,51.35022132487462
S0258,P26,1200.0,20.0,31.0,353.0,223.0,16.0,49.93611954665055
S0259,P26,1200.0,16.0,45.0,,225.0,21.0,47.49719346105071
S0260,P26,1200.0,16.0,38.0,369.0,236.0,24.0,49.61472071360715
S0261,P27,1200.0,4.0,10.0,209.0,87.0,12.0,13.707010313753026
S0262,P27,1200.0,2.0,13.0,197.0,79.0,11.0,10.733302728055751
S0263,P27,1200.0,5.0,9.0,179.0,78.0,9.0,12.518962759375835
S0264,P27,1200.0,4.0,14.0,163.0,,10.0,3.6883258286735026
S0265,P27,1200.0,5.0,13.0,197.0,88.0,8.0,15.812899658544952
S0266,P27,1200.0,3.0,8.0,178.0,72.0,6.0,10.583107226549455
S0267,P27,1200.0,4.0,12.0,186.0,88.0,11.0,14.435498159330898
S0268,P27,1200.0,8.0,16.0,191.0,79.0,13.0,10.978314521668528
S0269,P27,1200.0,4.0,11.0,220.0,85.0,4.0,15.400077750509345
S0270,P27,1200.0,4.0,10.0,187.0,65.0,20.0,6.529401873761384
S0271,P28,1200.0,12.0,49.0,370.0,236.0,31.0,42.55415107193681
S0272,P28,1200.0,19.0,34.0,363.0,259.0,25.0,53.14852591773511
S0273,P28,1200.0,11.0,39.0,376.0,262.0,21.0,49.61077756567253
S0274,P28,1200.0,24.0,38.0,375.0,267.0,19.0,59.323920236387295
S0275,P28,1200.0,14.0,43.0,379.0,275.0,17.0,59.44112143041048
S0276,P28,1200.0,15.0,34.0,304.0,226.0,25.0,46.07666743147409
S0277,P28,1200.0,12.0,45.0,360.0,232.0,29.0,49.843542740926594
S0278,P28,1200.0,15.0,40.0,352.0,266.0,16.0,56.59666422521618
S0279,P28,1200.0,14.0,37.0,366.0,262.0,13.0,53.1390721395473
S0280,P28,1200.0,11.0,50.0,343.0,229.0,19.0,49.88219840109769
S0281,P29,1200.0,,27.0,376.0,300.0,18.0,65.88223695218768
S0282,P29,1200.0,21.0,36.0,362.0,239.0,26.0,52.498200653944664
S0283,P29,1200.0,18.0,46.0,359.0,257.0,24.0,48.84944521175474
S0284,P29,1200.0,22.0,46.0,344.0,211.0,20.0,41.66950559390815
S0285,P29,1200.0,17.0,41.0,375.0,252.0,18.0,50.30181861839071
S0286,P29,1200.0,18.0,47.0,373.0,243.0,19.0,45.326288901811566
S0287,P29,1200.0,13.0,47.0,355.0,245.0,18.0,50.700015513075634
S0288,P29,1200.0,18.0,54.0,342.0,257.0,41.0,53.13924413758238
S0289,P29,1200.0,15.0,41.0,364.0,247.0,24.0,46.817525153699975
S0290,P29,1200.0,13.0,40.0,317.0,194.0,25.0,
S0291,P30,1200.0,5.0,33.0,200.0,173.0,46.0,31.120692738015872
S0292,P30,1200.0,8.0,25.0,236.0,194.0,51.0,43.24067471602328
S0293,P30,1200.0,4.0,41.0,212.0,187.0,63.0,35.93905168904147
S0294,P30,1200.0,11.0,30.0,233.0,164.0,55.0,35.31333703490215
S0295,P30,1200.0,11.0,28.0,211.0,179.0,45.0,37.42472969432748
S0296,P30,1200.0,10.0,28.0,234.0,187.0,44.0,39.45103350614589
S0297,P30,1200.0,12.0,31.0,255.0,184.0,48.0,42.99182119009349
S0298,P30,1200.0,6.0,21.0,227.0,182.0,53.0,42.90163099520791
S0299,P30,1200.0,12.0,33.0,246.0,179.0,60.0,43.04297143080318
S0300,P30,1200.0,10.0,21.0,255.0,182.0,42.0,46.9707792470069
S0301,P31,1200.0,5.0,36.0,240.0,200.0,54.0,34.990766465329024
S0302,P31,1200.0,11.0,20.0,230.0,186.0,,46.04073557549176
S0303,P31,1200.0,19.0,27.0,269.0,197.0,56.0,44.49183063315411
S0304,P31,1200.0,10.0,27.0,204.0,199.0,43.0,42.311020712853534
S0305,P31,1200.0,12.0,34.0,255.0,210.0,60.0,44.1425341842472
S0306,P31,1200.0,11.0,32.0,244.0,199.0,55.0,42.87397948471743
S0307,P31,1200.0,9.0,29.0,232.0,200.0,45.0,45.561079697227214
S0308,P31,1200.0,14.0,23.0,237.0,166.0,49.0,44.80401146209519
S0309,P31,1200.0,14.0,30.0,245.0,165.0,55.0,39.01614079235883
S0310,P31,1200.0,7.0,33.0,205.0,174.0,40.0,37.312046560259894
S0311,P32,1200.0,,49.0,248.0,264.0,19.0,18.297687964759703
S0312,P32,1200.0,11.0,49.0,267.0,282.0,20.0,27.256362773551455
S0313,P32,1200.0,7.0,57.0,259.0,278.0,,21.448867508984602
S0314,P32,1200.0,8.0,57.0,262.0,282.0,16.0,23.0727342660473
S0315,P32,1200.0,8.0,48.0,269.0,269.0,33.0,26.26416490404368
S0316,P32,1200.0,4.0,62.0,232.0,252.0,27.0,19.64520766063797
S0317,P32,1200.0,7.0,61.0,271.0,278.0,22.0,23.17580358731574
S0318,P32,1200.0,9.0,59.0,249.0,316.0,31.0,23.35334025631933
S0319,P32,1200.0,12.0,48.0,259.0,265.0,23.0,24.649897113285164
S0320,P32,1200.0,7.0,60.0,242.0,268.0,17.0,26.432650083218444
S0321,P33,1200.0,2.0,13.0,195.0,86.0,9.0,9.185659577666588
S0322,P33,1200.0,4.0,12.0,185.0,84.0,18.0,6.536480635939592
S0323,P33,1200.0,2.0,26.0,182.0,71.0,,10.241805019427266
S0324,P33,1200.0,4.0,17.0,188.0,72.0,,7.6205022849315425
S0325,P33,1200.0,3.0,14.0,196.0,70.0,20.0,5.757877661233874
S0326,P33,1200.0,9.0,13.0,191.0,74.0,10.0,12.730366580297076
S0327,P33,1200.0,8.0,12.0,191.0,91.0,15.0,10.040982629439778
S0328,P33,1200.0,6.0,15.0,188.0,88.0,12.0,10.467981192550985
S0329,P33,1200.0,5.0,12.0,209.0,95.0,8.0,13.622676120381467
S0330,P33,1200.0,5.0,15.0,173.0,,11.0,8.85233374109227
S0331,P34,1200.0,6.0,10.0,189.0,84.0,16.0,16.41083203713498
S0332,P34,1200.0,7.0,,173.0,70.0,16.0,9.073753576308606
S0333,P34,1200.0,4.0,9.0,157.0,66.0,11.0,5.871100822706593
S0334,P34,1200.0,,12.0,190.0,67.0,18.0,5.386984881336772
S0335,P34,1200.0,2.0,12.0,176.0,77.0,19.0,10.079578685579984
S0336,P34,1200.0,2.0,,206.0,85.0,,11.619494511546877
S0337,P34,1200.0,1.0,11.0,195.0,67.0,13.0,8.713160219015872
S0338,P34,1200.0,4.0,10.0,197.0,76.0,8.0,15.252666052253106
S0339,P34,1200.0,6.0,11.0,193.0,76.0,8.0,9.233844001748745
S0340,P34,1200.0,6.0,16.0,197.0,84.0,11.0,
S0341,P35,1200.0,2.0,8.0,189.0,70.0,16.0,8.686117063965407
S0342,P35,1200.0,7.0,15.0,168.0,74.0,10.0,5.995089823386043
S0343,P35,1200.0,3.0,11.0,191.0,79.0,5.0,14.56999796574743
S0344,P35,1200.0,9.0,17.0,213.0,80.0,20.0,12.727331351119751
S0345,P35,1200.0,7.0,9.0,193.0,73.0,8.0,4.624639237205125
S0346,P35,1200.0,2.0,11.0,185.0,73.0,14.0,7.918376139735244
S0347,P35,1200.0,2.0,13.0,188.0,79.0,9.0,6.150455481394043
S0348,P35,1200.0,6.0,12.0,183.0,70.0,10.0,17.227847611843416
S0349,P35,1200.0,6.0,13.0,174.0,64.0,8.0,7.576443299477395
S0350,P35,1200.0,8.0,17.0,189.0,93.0,11.0,9.605571301224785
S0351,P36,1200.0,18.0,,378.0,,18.0,51.58001233416622
S0352,P36,1200.0,15.0,45.0,339.0,242.0,26.0,51.53369620413345
S0353,P36,1200.0,14.0,38.0,373.0,259.0,19.0,57.196160024845966
S0354,P36,1200.0,15.0,33.0,353.0,266.0,21.0,57.81536424385611
S0355,P36,1200.0,18.0,34.0,363.0,284.0,19.0,57.8750279916765
S0356,P36,1200.0,16.0,53.0,350.0,258.0,20.0,45.44754578036157
S0357,P36,1200.0,16.0,41.0,373.0,241.0,18.0,52.31954283148381
S0358,P36,1200.0,13.0,46.0,357.0,237.0,31.0,
S0359,P36,1200.0,8.0,55.0,337.0,211.0,22.0,37.01022869887825
S0360,P36,1200.0,18.0,42.0,386.0,252.0,24.0,55.10763196161062
S0361,P37,1200.0,12.0,38.0,334.0,,21.0,51.73692282488612
S0362,P37,1200.0,18.0,31.0,376.0,285.0,22.0,62.84882653227194
S0363,P37,1200.0,17.0,50.0,370.0,244.0,27.0,53.58769427891577
S0364,P37,1200.0,16.0,34.0,,234.0,23.0,43.672860207687734
S0365,P37,1200.0,17.0,42.0,367.0,251.0,24.0,48.05748191513891
S0366,P37,1200.0,20.0,51.0,386.0,277.0,18.0,50.0216073065418
S0367,P37,1200.0,23.0,38.0,339.0,255.0,18.0,49.22550632805178
S0368,P37,1200.0,16.0,48.0,371.0,227.0,23.0,53.11616702087455
S0369,P37,1200.0,13.0,45.0,344.0,240.0,21.0,46.413590758813115
S0370,P37,1200.0,17.0,31.0,347.0,227.0,30.0,48.33719166775515
S0371,P38,1200.0,3.0,5.0,204.0,70.0,16.0,7.140470422196952
S0372,P38,1200.0,4.0,22.0,172.0,80.0,12.0,10.182255036396695
S0373,P38,1200.0,6.0,10.0,177.0,73.0,15.0,9.698138156562123
S0374,P38,1200.0,6.0,11.0,204.0,97.0,7.0,15.911061021840002
S0375,P38,1200.0,5.0,13.0,212.0,72.0,17.0,5.837421442600581
S0376,P38,1200.0,3.0,19.0,201.0,72.0,20.0,10.992786776640111
S0377,P38,1200.0,5.0,13.0,193.0,79.0,15.0,12.585759272777008
S0378,P38,1200.0,4.0,19.0,194.0,89.0,12.0,11.91291107891386
S0379,P38,1200.0,2.0,12.0,192.0,78.0,13.0,10.714465842582545
S0380,P38,1200.0,7.0,18.0,230.0,81.0,14.0,9.461107091438155
S0381,P39,1200.0,17.0,40.0,392.0,237.0,21.0,56.49004294725763
S0382,P39,1200.0,15.0,41.0,355.0,270.0,12.0,54.44150677899082
S0383,P39,1200.0,10.0,43.0,359.0,222.0,16.0,46.94690529230247
S0384,P39,1200.0,12.0,37.0,344.0,260.0,24.0,55.35409734752978
S0385,P39,1200.0,22.0,44.0,,238.0,22.0,52.69709052154679
S0386,P39,1200.0,19.0,40.0,331.0,255.0,21.0,46.73197441802559
S0387,P39,1200.0,23.0,39.0,381.0,241.0,17.0,49.684347533634806
S0388,P39,1200.0,14.0,40.0,338.0,245.0,14.0,52.53587043527875
S0389,P39,1200.0,12.0,34.0,338.0,278.0,27.0,56.79247238443794
S0390,P39,1200.0,14.0,45.0,385.0,250.0,22.0,52.46853326349602
S0391,P40,1200.0,8.0,25.0,249.0,193.0,35.0,42.302734967683996
S0392,P40,1200.0,13.0,31.0,240.0,197.0,48.0,38.78297917466143
S0393,P40,1200.0,6.0,36.0,211.0,166.0,64.0,38.71473585646061
S0394,P40,1200.0,13.0,39.0,219.0,176.0,55.0,36.55968515715964
S0395,P40,1200.0,5.0,,222.0,178.0,42.0,35.086730078368255
S0396,P40,1200.0,9.0,31.0,216.0,167.0,48.0,39.81976712555946
S0397,P40,1200.0,12.0,26.0,243.0,218.0,44.0,47.78172545430849
S0398,P40,1200.0,11.0,27.0,238.0,185.0,48.0,35.56498265766294
S0399,P40,1200.0,12.0,26.0,232.0,197.0,39.0,43.36406273775243
S0400,P40,1200.0,11.0,31.0,225.0,188.0,59.0,43.19706784032346
S0401,P41,1200.0,7.0,13.0,205.0,75.0,11.0,10.28713528478683
S0402,P41,1200.0,5.0,15.0,202.0,78.0,7.0,13.504251326320842
S0403,P41,1200.0,12.0,9.0,200.0,81.0,18.0,14.950232290806367
S0404,P41,1200.0,4.0,13.0,172.0,89.0,14.0,5.399086251721128
S0405,P41,1200.0,3.0,18.0,188.0,81.0,12.0,13.91074986870955
S0406,P41,1200.0,5.0,14.0,167.0,75.0,23.0,4.562847384702896
S0407,P41,1200.0,6.0,18.0,178.0,95.0,8.0,11.60371215895834
S0408,P41,1200.0,3.0,15.0,179.0,83.0,10.0,13.101278323064731
S0409,P41,1200.0,5.0,13.0,211.0,92.0,12.0,11.302316496459442
S0410,P41,1200.0,7.0,16.0,213.0,99.0,7.0,12.08358807141615
S0411,P42,1200.0,7.0,51.0,265.0,313.0,31.0,26.859098867625697
S0412,P42,1200.0,8.0,57.0,263.0,271.0,27.0,21.293216119411262
S0413,P42,1200.0,10.0,49.0,265.0,249.0,21.0,28.815366249300844
S0414,P42,1200.0,16.0,43.0,254.0,299.0,20.0,26.154252369324503
S0415,P42,1200.0,8.0,59.0,243.0,284.0,27.0,27.70677046757779
S0416,P42,1200.0,5.0,60.0,239.0,280.0,24.0,22.735811893708142
S0417,P42,1200.0,5.0,53.0,259.0,309.0,,29.528114981129228
S0418,P42,1200.0,7.0,63.0,245.0,252.0,37.0,18.185578196136245
S0419,P42,1200.0,12.0,48.0,,298.0,24.0,34.019423737736176
S0420,P42,1200.0,7.0,56.0,227.0,256.0,19.0,21.600763164603823
S0421,P43,1200.0,7.0,32.0,216.0,196.0,67.0,37.08518967340441
S0422,P43,1200.0,11.0,34.0,224.0,180.0,49.0,39.58483002044223
S0423,P43,1200.0,13.0,28.0,234.0,199.0,48.0,41.31029070204058
S0424,P43,1200.0,9.0,28.0,211.0,177.0,43.0,36.32262048549126
S0425,P43,1200.0,10.0,27.0,233.0,204.0,45.0,45.527676244293836
S0426,P43,1200.0,8.0,30.0,223.0,158.0,61.0,31.909925826625162
S0427,P43,1200.0,8.0,29.0,232.0,197.0,44.0,37.1609939176983
S0428,P43,1200.0,11.0,,229.0,179.0,53.0,40.50418660233045
S0429,P43,1200.0,8.0,29.0,221.0,147.0,56.0,30.237404386904053
S0430,P43,1200.0,8.0,26.0,253.0,194.0,51.0,40.513581357206974
S0431,P44,1200.0,9.0,14.0,202.0,101.0,14.0,17.190011678254766
S0432,P44,1200.0,7.0,3.0,181.0,101.0,15.0,13.501058604634071
S0433,P44,1200.0,8.0,13.0,201.0,89.0,16.0,6.372894551638932
S0434,P44,1200.0,7.0,13.0,197.0,95.0,17.0,13.250591034257411
S0435,P44,1200.0,4.0,11.0,176.0,74.0,22.0,7.332610818246642
S0436,P44,1200.0,5.0,22.0,173.0,68.0,12.0,6.911858129363242
S0437,P44,1200.0,5.0,15.0,205.0,67.0,8.0,6.17803993789859
S0438,P44,1200.0,9.0,20.0,206.0,115.0,14.0,16.118737253111654
S0439,P44,1200.0,11.0,18.0,202.0,95.0,18.0,11.009261256883157
S0440,P44,1200.0,5.0,9.0,185.0,71.0,17.0,10.535211633926407
S0441,P45,1200.0,5.0,62.0,240.0,274.0,31.0,19.750006648228958
S0442,P45,1200.0,9.0,57.0,240.0,295.0,26.0,29.955242901968653
S0443,P45,1200.0,6.0,53.0,279.0,291.0,16.0,33.23021339028245
S0444,P45,1200.0,18.0,57.0,252.0,275.0,38.0,21.651904262109717
S0445,P45,1200.0,15.0,58.0,268.0,258.0,38.0,25.058643501346847
S0446,P45,1200.0,7.0,58.0,247.0,271.0,29.0,29.092921640385033
S0447,P45,1200.0,12.0,53.0,255.0,290.0,25.0,30.337465960455763
S0448,P45,1200.0,7.0,57.0,257.0,282.0,25.0,27.064346956797298
S0449,P45,1200.0,6.0,60.0,259.0,238.0,28.0,17.536209958725074
S0450,P45,1200.0,8.0,62.0,259.0,269.0,31.0,24.24256566744043
S0451,P46,1200.0,9.0,56.0,253.0,285.0,24.0,27.971694684071224
S0452,P46,1200.0,12.0,50.0,267.0,266.0,34.0,25.49903106168439
S0453,P46,1200.0,9.0,47.0,301.0,285.0,16.0,30.334000866080288
S0454,P46,1200.0,9.0,51.0,287.0,269.0,20.0,24.03990667454301
S0455,P46,1200.0,13.0,45.0,263.0,299.0,22.0,30.273074588434625
S0456,P46,1200.0,12.0,66.0,210.0,280.0,21.0,20.842785987498434
S0457,P46,1200.0,11.0,51.0,264.0,290.0,24.0,28.70032816742287
S0458,P46,1200.0,8.0,60.0,247.0,273.0,24.0,
S0459,P46,1200.0,9.0,50.0,267.0,282.0,25.0,28.99308940620326
S0460,P46,1200.0,7.0,61.0,,279.0,18.0,20.26664973947245
S0461,P47,1200.0,6.0,18.0,183.0,80.0,10.0,7.588560935026989
S0462,P47,1200.0,3.0,18.0,189.0,85.0,10.0,12.407757976667078
S0463,P47,1200.0,,12.0,189.0,90.0,13.0,9.102569393959795
S0464,P47,1200.0,4.0,,175.0,83.0,14.0,13.087515053055142
S0465,P47,1200.0,11.0,8.0,191.0,,7.0,12.868446341756576
S0466,P47,1200.0,4.0,14.0,179.0,95.0,9.0,10.19401944528553
S0467,P47,1200.0,1.0,14.0,170.0,65.0,18.0,7.013048910964616
S0468,P47,1200.0,9.0,10.0,189.0,73.0,15.0,7.677409863159594
S0469,P47,1200.0,0.0,17.0,184.0,69.0,14.0,5.695467133752956
S0470,P47,1200.0,4.0,21.0,197.0,84.0,13.0,8.663515196354242
S0471,P48,1200.0,11.0,17.0,197.0,81.0,12.0,8.768829672449684
S0472,P48,1200.0,2.0,17.0,184.0,86.0,15.0,10.690966802463205
S0473,P48,1200.0,6.0,20.0,168.0,75.0,11.0,7.340352871485017
S0474,P48,1200.0,3.0,7.0,195.0,53.0,19.0,3.5653491838587064
S0475,P48,1200.0,5.0,15.0,200.0,71.0,10.0,12.617669689934178
S0476,P48,1200.0,12.0,12.0,203.0,73.0,11.0,11.569126758545277
S0477,P48,1200.0,2.0,9.0,181.0,78.0,8.0,7.348669881238792
S0478,P48,1200.0,9.0,9.0,152.0,70.0,13.0,6.482694387330148
S0479,P48,1200.0,7.0,,193.0,82.0,5.0,15.115141642311286
S0480,P48,1200.0,4.0,16.0,195.0,74.0,10.0,8.387045205896762
S0481,P49,1200.0,5.0,36.0,227.0,162.0,56.0,36.1872432088683
S0482,P49,1200.0,,30.0,215.0,174.0,54.0,41.66946170457179
S0483,P49,1200.0,10.0,32.0,231.0,173.0,54.0,36.70363883913862
S0484,P49,1200.0,15.0,24.0,236.0,202.0,45.0,43.166823980885404
S0485,P49,1200.0,10.0,21.0,237.0,195.0,33.0,42.94308299680158
S0486,P49,1200.0,8.0,26.0,233.0,189.0,43.0,46.162415707794906
S0487,P49,1200.0,12.0,35.0,219.0,188.0,54.0,42.92324074444986
S0488,P49,1200.0,10.0,29.0,197.0,160.0,55.0,34.38039625361816
S0489,P49,1200.0,13.0,32.0,235.0,155.0,45.0,38.17244114702871
S0490,P49,1200.0,15.0,22.0,266.0,191.0,42.0,43.79688914658234
S0491,P50,1200.0,19.0,39.0,365.0,250.0,18.0,46.839469278859326
S0492,P50,1200.0,16.0,40.0,,252.0,15.0,53.75917195471062
S0493,P50,1200.0,19.0,34.0,364.0,258.0,25.0,52.39572281134317
S0494,P50,1200.0,10.0,42.0,361.0,240.0,17.0,52.08553169072634
S0495,P50,1200.0,21.0,38.0,346.0,208.0,19.0,44.10304716474267
S0496,P50,1200.0,12.0,43.0,348.0,220.0,10.0,46.083137412470016
S0497,P50,1200.0,20.0,40.0,356.0,223.0,26.0,47.1233021541527
S0498,P50,1200.0,17.0,37.0,364.0,248.0,24.0,52.33168459391592
S0499,P50,1200.0,23.0,41.0,388.0,251.0,18.0,53.405482895453076
S0500,P50,1200.0,10.0,37.0,353.0,246.0,21.0,55.86242428072928
S0501,P51,1200.0,15.0,47.0,335.0,216.0,23.0,44.976225696554316
S0502,P51,1200.0,19.0,33.0,351.0,242.0,21.0,53.42774160931639
S0503,P51,1200.0,14.0,38.0,378.0,274.0,25.0,53.687365267128676
S0504,P51,1200.0,17.0,30.0,374.0,273.0,25.0,55.48521137893151
S0505,P51,1200.0,11.0,41.0,343.0,249.0,18.0,48.992903001298046
S0506,P51,1200.0,14.0,36.0,331.0,267.0,26.0,56.39124859970934
S0507,P51,1200.0,14.0,39.0,397.0,283.0,17.0,61.71056887878656
S0508,P51,1200.0,7.0,48.0,362.0,223.0,19.0,45.16250654368575
S0509,P51,1200.0,11.0,41.0,328.0,259.0,17.0,49.12203659153968
S0510,P51,1200.0,17.0,44.0,376.0,248.0,17.0,48.7551754275856
S0511,P52,1200.0,13.0,38.0,349.0,230.0,19.0,50.332699533816495
S0512,P52,1200.0,12.0,32.0,366.0,236.0,25.0,53.5027638566582
S0513,P52,1200.0,22.0,44.0,370.0,225.0,22.0,47.24600846670612
S0514,P52,1200.0,18.0,45.0,330.0,232.0,29.0,39.69106556497061
S0515,P52,1200.0,15.0,48.0,370.0,241.0,24.0,55.562483635816776
S0516,P52,1200.0,26.0,40.0,361.0,233.0,29.0,48.89658023968036
S0517,P52,1200.0,25.0,49.0,357.0,248.0,25.0,49.04979151937479
S0518,P52,1200.0,24.0,47.0,401.0,237.0,21.0,50.98358920250362
S0519,P52,1200.0,21.0,39.0,367.0,237.0,19.0,51.43167973949814
S0520,P52,1200.0,,41.0,360.0,227.0,20.0,46.0534265020392
S0521,P53,1200.0,8.0,26.0,226.0,184.0,45.0,42.08815172615091
S0522,P53,1200.0,7.0,28.0,215.0,156.0,52.0,33.727803601306164
S0523,P53,1200.0,7.0,29.0,231.0,185.0,49.0,40.77539771871961
S0524,P53,1200.0,9.0,29.0,240.0,175.0,41.0,37.79979821366489
S0525,P53,1200.0,,25.0,246.0,173.0,52.0,36.83093845087202
S0526,P53,1200.0,8.0,33.0,233.0,166.0,55.0,40.31434063537336
S0527,P53,1200.0,11.0,31.0,243.0,203.0,50.0,41.370292411632306
S0528,P53,1200.0,6.0,31.0,221.0,202.0,44.0,37.55855441128916
S0529,P53,1200.0,14.0,35.0,244.0,171.0,60.0,39.92997311082565
S0530,P53,1200.0,17.0,31.0,252.0,204.0,,40.54409238029122
S0531,P54,1200.0,8.0,32.0,236.0,202.0,38.0,44.072008967665646
S0532,P54,1200.0,8.0,36.0,215.0,192.0,52.0,41.777551532052264
S0533,P54,1200.0,11.0,28.0,253.0,182.0,44.0,46.18422188595963
S0534,P54,1200.0,4.0,30.0,220.0,199.0,49.0,40.44568018689947
S0535,P54,1200.0,13.0,25.0,260.0,216.0,42.0,51.10546211335875
S0536,P54,1200.0,12.0,28.0,226.0,175.0,52.0,44.95280773647217
S0537,P54,1200.0,19.0,29.0,222.0,174.0,54.0,38.94901371085748
S0538,P54,1200.0,15.0,27.0,244.0,216.0,45.0,46.019143425979095
S0539,P54,1200.0,9.0,35.0,224.0,172.0,53.0,32.88672690490492
S0540,P54,1200.0,10.0,32.0,238.0,,42.0,45.344534630529814
S0541,P55,1200.0,12.0,27.0,237.0,198.0,52.0,45.02332413215887
S0542,P55,1200.0,8.0,23.0,233.0,183.0,52.0,44.41683106014584
S0543,P55,1200.0,9.0,26.0,238.0,183.0,38.0,42.35625710382966
S0544,P55,1200.0,6.0,37.0,222.0,199.0,59.0,42.52792440606427
S0545,P55,1200.0,15.0,,238.0,200.0,,37.35494664103755
S0546,P55,1200.0,13.0,26.0,217.0,165.0,41.0,35.42666524323738
S0547,P55,1200.0,9.0,29.0,228.0,191.0,58.0,38.77173872183343
S0548,P55,1200.0,10.0,32.0,231.0,186.0,71.0,39.64518048938072
S0549,P55,1200.0,13.0,26.0,245.0,178.0,48.0,38.59927349305174
S0550,P55,1200.0,13.0,36.0,235.0,181.0,47.0,36.017917472377384
S0551,P56,1200.0,8.0,35.0,251.0,184.0,62.0,39.04368470433984
S0552,P56,1200.0,4.0,26.0,186.0,165.0,49.0,39.34429672502574
S0553,P56,1200.0,9.0,36.0,220.0,185.0,60.0,39.71770891110237
S0554,P56,1200.0,8.0,32.0,216.0,153.0,40.0,31.8060194387806
S0555,P56,1200.0,7.0,37.0,238.0,185.0,62.0,37.68891742432818
S0556,P56,1200.0,15.0,29.0,264.0,178.0,47.0,46.77951803956697
S0557,P56,1200.0,6.0,35.0,220.0,203.0,43.0,37.18164447757178
S0558,P56,1200.0,10.0,27.0,239.0,204.0,41.0,43.573457953966376
S0559,P56,1200.0,13.0,,238.0,161.0,61.0,37.453399228010355
S0560,P56,1200.0,11.0,27.0,246.0,214.0,37.0,48.9724545036054
S0561,P57,1200.0,4.0,15.0,180.0,74.0,5.0,10.133420063584857
S0562,P57,1200.0,6.0,8.0,180.0,74.0,12.0,9.844069612963974
S0563,P57,1200.0,7.0,18.0,198.0,79.0,11.0,4.766559247131352
S0564,P57,1200.0,9.0,18.0,213.0,72.0,11.0,10.005152970045524
S0565,P57,1200.0,3.0,16.0,213.0,72.0,15.0,8.809164134425938
S0566,P57,1200.0,3.0,5.0,196.0,78.0,21.0,10.773540158345122
S0567,P57,1200.0,11.0,11.0,228.0,93.0,16.0,13.324011675117276
S0568,P57,1200.0,6.0,13.0,206.0,,7.0,22.00477498334825
S0569,P57,1200.0,3.0,9.0,178.0,68.0,7.0,13.753642053352772
S0570,P57,1200.0,8.0,11.0,200.0,92.0,11.0,11.135809143128697
S0571,P58,1200.0,14.0,38.0,262.0,217.0,52.0,46.911456310973065
S0572,P58,1200.0,10.0,38.0,247.0,192.0,68.0,43.66678409401888
S0573,P58,1200.0,2.0,18.0,214.0,187.0,38.0,43.998541001071956
S0574,P58,1200.0,12.0,37.0,217.0,206.0,51.0,41.700771760639135
S0575,P58,1200.0,9.0,32.0,219.0,192.0,48.0,43.81178690156184
S0576,P58,1200.0,14.0,33.0,228.0,162.0,54.0,39.13020600973967
S0577,P58,1200.0,11.0,27.0,245.0,179.0,45.0,47.89081483425349
S0578,P58,1200.0,11.0,30.0,208.0,184.0,53.0,41.862681178138565
S0579,P58,1200.0,5.0,40.0,216.0,197.0,59.0,42.49648141101558
S0580,P58,1200.0,10.0,28.0,228.0,178.0,59.0,37.778378265556974
S0581,P59,1200.0,22.0,34.0,350.0,277.0,16.0,58.767336543590105
S0582,P59,1200.0,9.0,45.0,382.0,246.0,22.0,48.7427380125228
S0583,P59,1200.0,10.0,48.0,375.0,243.0,23.0,44.52605591095292
S0584,P59,1200.0,21.0,40.0,366.0,224.0,30.0,54.089611966024876
S0585,P59,1200.0,17.0,32.0,356.0,249.0,19.0,54.922058030861436
S0586,P59,1200.0,15.0,32.0,393.0,250.0,25.0,49.80249311924963
S0587,P59,1200.0,12.0,37.0,332.0,242.0,23.0,53.09953274951752
S0588,P59,1200.0,14.0,29.0,365.0,235.0,26.0,52.770581267291064
S0589,P59,1200.0,11.0,39.0,349.0,236.0,27.0,48.256470299862436
S0590,P59,1200.0,13.0,40.0,400.0,249.0,17.0,50.71386977747816
S0591,P60,1200.0,11.0,40.0,339.0,211.0,20.0,48.22900753273319
S0592,P60,1200.0,16.0,39.0,371.0,269.0,17.0,51.766223046973735
S0593,P60,1200.0,13.0,,354.0,251.0,21.0,52.80378104268673
S0594,P60,1200.0,11.0,43.0,355.0,237.0,23.0,50.36198517889786
S0595,P60,1200.0,20.0,34.0,384.0,291.0,19.0,54.807398418077334
S0596,P60,1200.0,20.0,42.0,370.0,234.0,20.0,
S0597,P60,1200.0,21.0,41.0,352.0,239.0,22.0,49.8117104182203
S0598,P60,1200.0,15.0,49.0,352.0,224.0,28.0,45.68837907428483
S0599,P60,1200.0,10.0,48.0,329.0,236.0,30.0,44.691411314779465
S0600,P60,1200.0,20.0,44.0,369.0,267.0,19.0,54.35093190488821
S0601,P61,1200.0,8.0,31.0,246.0,186.0,43.0,39.341178159691594
S0602,P61,1200.0,5.0,29.0,213.0,168.0,52.0,39.1976481883699
S0603,P61,1200.0,10.0,26.0,225.0,183.0,47.0,40.44101817263086
S0604,P61,1200.0,5.0,26.0,244.0,164.0,48.0,41.06648402826652
S0605,P61,1200.0,9.0,30.0,231.0,199.0,53.0,42.49709287866528
S0606,P61,1200.0,9.0,25.0,251.0,214.0,49.0,50.67195047354357
S0607,P61,1200.0,5.0,29.0,229.0,175.0,57.0,39.090598242263894
S0608,P61,1200.0,6.0,21.0,242.0,204.0,47.0,
S0609,P61,1200.0,6.0,35.0,222.0,185.0,50.0,39.69113021957535
S0610,P61,1200.0,11.0,23.0,250.0,192.0,45.0,38.2365478306732
S0611,P62,1200.0,4.0,16.0,180.0,61.0,6.0,3.8428370885545906
S0612,P62,1200.0,7.0,10.0,215.0,80.0,18.0,6.847279114295715
S0613,P62,1200.0,5.0,9.0,166.0,63.0,19.0,7.507847007894556
S0614,P62,1200.0,3.0,8.0,167.0,60.0,14.0,8.16051323045054
S0615,P62,1200.0,6.0,10.0,205.0,79.0,10.0,11.366332098116866
S0616,P62,1200.0,1.0,10.0,192.0,72.0,10.0,7.891943865086489
S0617,P62,1200.0,3.0,11.0,180.0,59.0,13.0,7.469091893563797
S0618,P62,1200.0,2.0,15.0,191.0,93.0,14.0,13.861931940033113
S0619,P62,1200.0,3.0,18.0,185.0,86.0,15.0,13.303572725729074
S0620,P62,1200.0,7.0,5.0,206.0,90.0,12.0,8.537552884600624
S0621,P63,1200.0,8.0,25.0,241.0,200.0,38.0,44.423586603200754
S0622,P63,1200.0,10.0,27.0,240.0,170.0,62.0,42.849099969734546
S0623,P63,1200.0,10.0,30.0,268.0,214.0,48.0,40.40287805966387
S0624,P63,1200.0,17.0,28.0,205.0,207.0,50.0,45.793625553191674
S0625,P63,1200.0,7.0,29.0,246.0,209.0,60.0,46.87287252765128
S0626,P63,1200.0,11.0,29.0,228.0,186.0,42.0,42.73803806451717
S0627,P63,1200.0,14.0,34.0,232.0,199.0,47.0,40.38643177921018
S0628,P63,1200.0,7.0,27.0,231.0,208.0,56.0,48.48037015185201
S0629,P63,1200.0,8.0,27.0,206.0,161.0,52.0,34.3228806054332
S0630,P63,1200.0,8.0,28.0,,198.0,47.0,37.64055373021103
S0631,P64,1200.0,16.0,,230.0,206.0,52.0,47.012906899284665
S0632,P64,1200.0,15.0,30.0,218.0,174.0,45.0,40.23312705871931
S0633,P64,1200.0,9.0,31.0,214.0,153.0,58.0,32.34487376975675
S0634,P64,1200.0,12.0,22.0,241.0,199.0,46.0,48.488838943941715
S0635,P64,1200.0,9.0,32.0,217.0,170.0,50.0,35.377265091490905
S0636,P64,1200.0,11.0,28.0,232.0,206.0,56.0,45.434298380224355
S0637,P64,1200.0,11.0,30.0,241.0,187.0,51.0,39.761358621508194
S0638,P64,1200.0,15.0,25.0,263.0,180.0,50.0,36.930835386806365
S0639,P64,1200.0,14.0,30.0,222.0,200.0,47.0,37.98852747744368
S0640,P64,1200.0,,34.0,258.0,168.0,43.0,42.88637388847786
S0641,P65,1200.0,11.0,30.0,239.0,173.0,55.0,41.94793935877364
S0642,P65,1200.0,8.0,32.0,215.0,182.0,46.0,35.62318986527679
S0643,P65,1200.0,8.0,26.0,224.0,161.0,45.0,34.272459172138134
S0644,P65,1200.0,13.0,35.0,252.0,196.0,56.0,44.24080666252973
S0645,P65,1200.0,13.0,26.0,226.0,194.0,49.0,45.18655539558559
S0646,P65,1200.0,7.0,26.0,241.0,230.0,53.0,51.545757122071095
S0647,P65,1200.0,10.0,29.0,209.0,180.0,50.0,41.18275242417044
S0648,P65,1200.0,11.0,32.0,209.0,185.0,59.0,34.88653058202138
S0649,P65,1200.0,7.0,39.0,233.0,190.0,64.0,34.89250349358784
S0650,P65,1200.0,8.0,34.0,236.0,213.0,57.0,45.74987416115019
S0651,P66,1200.0,9.0,30.0,222.0,194.0,52.0,35.83959362842524
S0652,P66,1200.0,15.0,28.0,228.0,195.0,65.0,43.079880207010234
S0653,P66,1200.0,7.0,28.0,232.0,205.0,49.0,41.14082823295722
S0654,P66,1200.0,9.0,32.0,242.0,208.0,60.0,40.382662352977846
S0655,P66,1200.0,4.0,32.0,,204.0,54.0,43.03588679896043
S0656,P66,1200.0,11.0,37.0,225.0,176.0,,35.81498269939225
S0657,P66,1200.0,11.0,34.0,240.0,174.0,53.0,38.60565922665909
S0658,P66,1200.0,7.0,29.0,226.0,199.0,49.0,42.452969889484415
S0659,P66,1200.0,12.0,27.0,261.0,218.0,51.0,46.43843428920205
S0660,P66,1200.0,8.0,32.0,260.0,221.0,50.0,46.281827735823825
S0661,P67,1200.0,8.0,22.0,240.0,192.0,43.0,52.255414237312785
S0662,P67,1200.0,10.0,30.0,218.0,185.0,39.0,41.22933302187661
S0663,P67,1200.0,6.0,30.0,194.0,,53.0,
S0664,P67,1200.0,10.0,30.0,212.0,160.0,42.0,33.11487942504033
S0665,P67,1200.0,10.0,30.0,218.0,222.0,49.0,48.668833282766506
S0666,P67,1200.0,4.0,24.0,230.0,168.0,59.0,35.208347779600174
S0667,P67,1200.0,10.0,22.0,245.0,201.0,46.0,50.68739064037906
S0668,P67,1200.0,10.0,26.0,217.0,203.0,49.0,42.75806379976667
S0669,P67,1200.0,13.0,35.0,269.0,199.0,58.0,45.59345739556178
S0670,P67,1200.0,7.0,27.0,242.0,196.0,42.0,44.632368832087444
S0671,P68,1200.0,10.0,16.0,211.0,109.0,12.0,24.46030779087767
S0672,P68,1200.0,3.0,19.0,184.0,80.0,5.0,10.648642382346205
S0673,P68,1200.0,1.0,16.0,190.0,53.0,11.0,3.1147241003569768
S0674,P68,1200.0,4.0,11.0,168.0,74.0,12.0,7.734369231629249
S0675,P68,1200.0,4.0,15.0,196.0,74.0,19.0,7.256724037105087
S0676,P68,1200.0,11.0,12.0,232.0,89.0,10.0,21.55112275745282
S0677,P68,1200.0,6.0,16.0,191.0,70.0,11.0,8.078747248431515
S0678,P68,1200.0,2.0,17.0,206.0,94.0,8.0,16.52631304063209
S0679,P68,1200.0,3.0,10.0,197.0,81.0,14.0,10.54370459552529
S0680,P68,1200.0,,10.0,193.0,80.0,8.0,9.391840244603944
S0681,P69,1200.0,13.0,41.0,325.0,240.0,24.0,48.08122922148105
S0682,P69,1200.0,19.0,41.0,368.0,236.0,18.0,49.4271615754483
S0683,P69,1200.0,15.0,43.0,369.0,236.0,23.0,55.739088263421266
S0684,P69,1200.0,14.0,41.0,370.0,,23.0,49.33129078924001
S0685,P69,1200.0,8.0,43.0,387.0,227.0,30.0,49.98944825399835
S0686,P69,1200.0,12.0,44.0,384.0,255.0,26.0,53.46746776204369
S0687,P69,1200.0,20.0,45.0,357.0,249.0,32.0,49.0036533543129
S0688,P69,1200.0,20.0,37.0,330.0,213.0,,44.47731235596985
S0689,P69,1200.0,23.0,36.0,402.0,250.0,16.0,53.929561382657226
S0690,P69,1200.0,12.0,41.0,342.0,258.0,18.0,55.20925494138591
S0691,P70,1200.0,2.0,13.0,164.0,85.0,10.0,6.515452616261522
S0692,P70,1200.0,2.0,15.0,173.0,67.0,12.0,7.683553556733236
S0693,P70,1200.0,3.0,9.0,163.0,75.0,19.0,6.765846392834722
S0694,P70,1200.0,3.0,12.0,196.0,71.0,15.0,6.209939959964785
S0695,P70,1200.0,5.0,12.0,215.0,66.0,12.0,10.057906047475967
S0696,P70,1200.0,9.0,14.0,192.0,79.0,9.0,8.514666049665948
S0697,P70,1200.0,2.0,15.0,183.0,64.0,10.0,9.989775475471586
S0698,P70,1200.0,7.0,14.0,,88.0,14.0,15.032569873517025
S0699,P70,1200.0,4.0,18.0,191.0,101.0,4.0,18.62217408845704
S0700,P70,1200.0,4.0,21.0,158.0,72.0,12.0,4.118700023210405
S0701,P71,1200.0,17.0,45.0,376.0,247.0,22.0,48.36197601913977
S0702,P71,1200.0,11.0,48.0,362.0,261.0,33.0,49.97612749988372
S0703,P71,1200.0,19.0,41.0,354.0,251.0,21.0,53.48570585125574
S0704,P71,1200.0,20.0,43.0,378.0,259.0,15.0,54.72347245869186
S0705,P71,1200.0,10.0,32.0,376.0,273.0,18.0,56.36920506849546
S0706,P71,1200.0,12.0,40.0,371.0,256.0,22.0,51.76616897119218
S0707,P71,1200.0,10.0,50.0,357.0,223.0,22.0,
S0708,P71,1200.0,21.0,34.0,384.0,258.0,19.0,52.093954174687795
S0709,P71,1200.0,19.0,36.0,383.0,243.0,17.0,51.09008839658809
S0710,P71,1200.0,17.0,39.0,347.0,225.0,27.0,48.40716059051277
S0711,P72,1200.0,5.0,8.0,193.0,71.0,16.0,8.648732931336577
S0712,P72,1200.0,1.0,12.0,171.0,64.0,21.0,
S0713,P72,1200.0,12.0,16.0,224.0,76.0,14.0,11.206885129732795
S0714,P72,1200.0,8.0,17.0,191.0,107.0,10.0,10.993232522696552
S0715,P72,1200.0,6.0,14.0,185.0,77.0,15.0,8.66336888545557
S0716,P72,1200.0,2.0,15.0,210.0,91.0,8.0,14.280728516972072
S0717,P72,1200.0,6.0,15.0,174.0,96.0,12.0,12.420506901611853
S0718,P72,1200.0,8.0,15.0,210.0,74.0,12.0,10.992715396819344
S0719,P72,1200.0,2.0,13.0,186.0,83.0,10.0,13.245147638815835
S0720,P72,1200.0,2.0,14.0,171.0,72.0,11.0,9.165248327997697
S0721,P73,1200.0,,57.0,254.0,303.0,22.0,24.90364383804006
S0722,P73,1200.0,,54.0,261.0,268.0,24.0,29.775618198704453
S0723,P73,1200.0,7.0,61.0,259.0,289.0,26.0,25.150286555690954
S0724,P73,1200.0,7.0,55.0,204.0,283.0,24.0,23.716826470469105
S0725,P73,1200.0,13.0,58.0,227.0,268.0,20.0,16.82940418723302
S0726,P73,1200.0,10.0,43.0,250.0,288.0,27.0,22.500929569769433
S0727,P73,1200.0,11.0,42.0,245.0,,20.0,32.905235893331664
S0728,P73,1200.0,,46.0,281.0,283.0,30.0,30.28202420397191
S0729,P73,1200.0,8.0,46.0,282.0,318.0,30.0,34.41491889654996
S0730,P73,1200.0,8.0,57.0,243.0,264.0,19.0,21.072323090467947
S0731,P74,1200.0,14.0,39.0,371.0,243.0,23.0,52.92868874282188
S0732,P74,1200.0,12.0,46.0,347.0,232.0,23.0,50.29297151494266
S0733,P74,1200.0,16.0,39.0,382.0,270.0,14.0,51.92273163776388
S0734,P74,1200.0,17.0,39.0,,237.0,33.0,47.10388637077457
S0735,P74,1200.0,17.0,47.0,369.0,249.0,18.0,52.911582567997435
S0736,P74,1200.0,13.0,43.0,361.0,242.0,27.0,53.22495168869325
S0737,P74,1200.0,11.0,44.0,376.0,239.0,19.0,47.195102074703996
S0738,P74,1200.0,16.0,44.0,397.0,234.0,22.0,50.104269369780475
S0739,P74,1200.0,11.0,42.0,327.0,227.0,16.0,51.37325681271915
S0740,P74,1200.0,16.0,45.0,356.0,252.0,29.0,47.12563254923586
S0741,P75,1200.0,10.0,43.0,371.0,266.0,19.0,54.35156906983726
S0742,P75,1200.0,12.0,38.0,356.0,245.0,23.0,51.27875881993162
S0743,P75,1200.0,18.0,44.0,375.0,252.0,18.0,50.594562563368946
S0744,P75,1200.0,20.0,39.0,354.0,226.0,23.0,51.06071778395219
S0745,P75,1200.0,18.0,34.0,353.0,254.0,18.0,54.39173701612181
S0746,P75,1200.0,14.0,39.0,353.0,256.0,26.0,55.15025541466347
S0747,P75,1200.0,8.0,39.0,,226.0,25.0,
S0748,P75,1200.0,19.0,48.0,345.0,250.0,29.0,53.447154099690614
S0749,P75,1200.0,17.0,44.0,342.0,245.0,20.0,56.14451137657486
S0750,P75,1200.0,21.0,47.0,372.0,253.0,22.0,48.80756078925994
S0751,P76,1200.0,5.0,15.0,179.0,82.0,12.0,7.696568534558043
S0752,P76,1200.0,5.0,12.0,185.0,94.0,10.0,12.782954259676139
S0753,P76,1200.0,1.0,14.0,179.0,55.0,11.0,4.872144252111571
S0754,P76,1200.0,5.0,7.0,,84.0,7.0,9.189082255577292
S0755,P76,1200.0,4.0,10.0,217.0,108.0,8.0,20.773259891583997
S0756,P76,1200.0,5.0,11.0,,73.0,15.0,10.072956273678134
S0757,P76,1200.0,3.0,8.0,177.0,87.0,15.0,9.64378810420583
S0758,P76,1200.0,11.0,9.0,216.0,91.0,11.0,15.119267855738869
S0759,P76,1200.0,6.0,11.0,196.0,64.0,15.0,8.876256375619956
S0760,P76,1200.0,6.0,14.0,189.0,78.0,8.0,8.460361026351336
S0761,P77,1200.0,2.0,22.0,223.0,93.0,11.0,12.789259444511828
S0762,P77,1200.0,5.0,21.0,199.0,62.0,7.0,9.2744652234841
S0763,P77,1200.0,7.0,13.0,184.0,73.0,10.0,7.162393059114387
S0764,P77,1200.0,6.0,10.0,206.0,57.0,13.0,6.939536272064291
S0765,P77,1200.0,6.0,13.0,183.0,73.0,18.0,7.683104199084859
S0766,P77,1200.0,5.0,11.0,209.0,87.0,17.0,13.26543716133184
S0767,P77,1200.0,6.0,13.0,191.0,67.0,12.0,9.273149994361429
S0768,P77,1200.0,4.0,15.0,194.0,91.0,13.0,11.228741965073446
S0769,P77,1200.0,2.0,17.0,182.0,73.0,9.0,8.052373214997777
S0770,P77,1200.0,8.0,17.0,225.0,97.0,12.0,17.7224013266314
S0771,P78,1200.0,6.0,29.0,218.0,160.0,45.0,33.74572059071058
S0772,P78,1200.0,9.0,30.0,238.0,172.0,55.0,45.311862806197084
S0773,P78,1200.0,7.0,29.0,219.0,156.0,50.0,36.75601102457694
S0774,P78,1200.0,11.0,28.0,252.0,182.0,53.0,37.23137695091322
S0775,P78,1200.0,6.0,37.0,227.0,162.0,47.0,33.35812291842282
S0776,P78,1200.0,7.0,29.0,220.0,187.0,60.0,35.47307660451511
S0777,P78,1200.0,13.0,32.0,230.0,205.0,59.0,43.954106486806566
S0778,P78,1200.0,9.0,30.0,234.0,163.0,55.0,35.56740707960711
S0779,P78,1200.0,6.0,42.0,237.0,165.0,58.0,34.83783778106158
S0780,P78,1200.0,7.0,30.0,215.0,169.0,46.0,34.73706087535198
S0781,P79,1200.0,11.0,25.0,230.0,181.0,47.0,41.026236286147416
S0782,P79,1200.0,9.0,28.0,236.0,202.0,60.0,47.58567846719489
S0783,P79,1200.0,7.0,,240.0,199.0,34.0,41.241321554989035
S0784,P79,1200.0,,26.0,239.0,177.0,49.0,40.7437362367682
S0785,P79,1200.0,9.0,29.0,210.0,201.0,42.0,44.764752433746814
S0786,P79,1200.0,7.0,31.0,232.0,179.0,42.0,35.13426854367769
S0787,P79,1200.0,5.0,28.0,257.0,182.0,51.0,35.85563916441133
S0788,P79,1200.0,15.0,31.0,229.0,180.0,59.0,40.128954030771524
S0789,P79,1200.0,15.0,33.0,220.0,183.0,48.0,35.80717521341868
S0790,P79,1200.0,16.0,20.0,283.0,205.0,47.0,47.56829918487471
S0791,P80,1200.0,13.0,35.0,234.0,190.0,49.0,40.59690787927224
S0792,P80,1200.0,9.0,32.0,219.0,179.0,56.0,37.80054999654695
S0793,P80,1200.0,11.0,27.0,232.0,201.0,51.0,45.75597439106365
S0794,P80,1200.0,9.0,25.0,243.0,203.0,36.0,43.77206174543284
S0795,P80,1200.0,7.0,33.0,208.0,170.0,,34.56775258683877
S0796,P80,1200.0,5.0,28.0,221.0,209.0,42.0,44.29866723117354
S0797,P80,1200.0,6.0,29.0,227.0,166.0,47.0,37.345763359526835
S0798,P80,1200.0,10.0,32.0,231.0,203.0,47.0,46.80675976508478
S0799,P80,1200.0,11.0,27.0,252.0,234.0,42.0,51.62481940643927
S0800,P80,1200.0,6.0,27.0,226.0,183.0,57.0,38.41520245705488
S0801,P81,1200.0,10.0,30.0,218.0,161.0,60.0,36.186900188487655
S0802,P81,1200.0,7.0,31.0,218.0,200.0,42.0,
S0803,P81,1200.0,10.0,40.0,232.0,176.0,54.0,33.094345669988456
S0804,P81,1200.0,13.0,32.0,247.0,198.0,51.0,44.91377345425371
S0805,P81,1200.0,13.0,29.0,241.0,189.0,67.0,42.72356904622419
S0806,P81,1200.0,10.0,33.0,252.0,208.0,45.0,42.85743657621544
S0807,P81,1200.0,13.0,32.0,244.0,212.0,41.0,50.84515490235802
S0808,P81,1200.0,13.0,27.0,232.0,190.0,51.0,44.51717705450004
S0809,P81,1200.0,12.0,25.0,220.0,172.0,48.0,32.019974565259155
S0810,P81,1200.0,7.0,26.0,221.0,188.0,45.0,34.029411344437584
S0811,P82,1200.0,7.0,12.0,193.0,82.0,8.0,12.969037447606386
S0812,P82,1200.0,6.0,16.0,191.0,86.0,12.0,9.497881374612554
S0813,P82,1200.0,7.0,14.0,207.0,92.0,10.0,10.80368277727029
S0814,P82,1200.0,9.0,14.0,192.0,77.0,11.0,14.369591397068342
S0815,P82,1200.0,3.0,13.0,170.0,54.0,13.0,1.796937976330187
S0816,P82,1200.0,7.0,18.0,185.0,96.0,5.0,15.372353821053549
S0817,P82,1200.0,8.0,17.0,214.0,92.0,9.0,11.611252979325704
S0818,P82,1200.0,2.0,14.0,202.0,73.0,13.0,7.390131765109944
S0819,P82,1200.0,4.0,18.0,189.0,73.0,20.0,3.4900956692723946
S0820,P82,1200.0,5.0,8.0,194.0,67.0,11.0,8.11463186144678
S0821,P83,1200.0,12.0,55.0,253.0,279.0,29.0,23.13909649504854
S0822,P83,1200.0,8.0,55.0,272.0,309.0,19.0,25.971459517096196
S0823,P83,1200.0,7.0,43.0,286.0,310.0,20.0,33.0470145799794
S0824,P83,1200.0,9.0,55.0,288.0,303.0,26.0,31.562726042773427
S0825,P83,1200.0,13.0,56.0,273.0,288.0,21.0,31.91347732554824
S0826,P83,1200.0,9.0,62.0,237.0,261.0,,22.184767503839772
S0827,P83,1200.0,7.0,55.0,249.0,310.0,26.0,
S0828,P83,1200.0,5.0,55.0,292.0,295.0,19.0,29.45968922891784
S0829,P83,1200.0,6.0,51.0,253.0,292.0,15.0,29.799709334047467
S0830,P83,1200.0,10.0,45.0,280.0,301.0,25.0,35.57679586333528
S0831,P84,1200.0,12.0,41.0,338.0,241.0,21.0,53.56271113443838
S0832,P84,1200.0,14.0,47.0,358.0,240.0,12.0,50.35741045749267
S0833,P84,1200.0,17.0,42.0,349.0,253.0,26.0,49.81831230283087
S0834,P84,1200.0,14.0,38.0,366.0,252.0,17.0,55.025329802572806
S0835,P84,1200.0,12.0,35.0,329.0,279.0,18.0,57.092163723359995
S0836,P84,1200.0,18.0,40.0,403.0,281.0,18.0,52.54799976528958
S0837,P84,1200.0,14.0,42.0,373.0,262.0,29.0,55.52868536933482
S0838,P84,1200.0,20.0,37.0,335.0,255.0,13.0,50.08932263724964
S0839,P84,1200.0,16.0,39.0,388.0,270.0,19.0,55.154908114170006
S0840,P84,1200.0,22.0,47.0,363.0,255.0,16.0,54.01101019357972
S0841,P85,1200.0,14.0,40.0,345.0,221.0,28.0,45.99282670569025
S0842,P85,1200.0,19.0,38.0,371.0,275.0,18.0,57.3791351411509
S0843,P85,1200.0,23.0,47.0,351.0,266.0,19.0,51.31572990452127
S0844,P85,1200.0,19.0,39.0,377.0,265.0,,53.98258319243746
S0845,P85,1200.0,18.0,40.0,356.0,259.0,23.0,50.03521137928525
S0846,P85,1200.0,15.0,34.0,358.0,213.0,17.0,51.62193597213502
S0847,P85,1200.0,8.0,44.0,352.0,226.0,25.0,49.19757949242376
S0848,P85,1200.0,23.0,42.0,379.0,256.0,17.0,58.41131804439966
S0849,P85,1200.0,14.0,41.0,339.0,234.0,,53.384803576910386
S0850,P85,1200.0,10.0,36.0,359.0,230.0,23.0,49.306907552077526
S0851,P86,1200.0,21.0,35.0,389.0,230.0,29.0,49.364186107886376
S0852,P86,1200.0,11.0,34.0,363.0,258.0,24.0,52.48228156826183
S0853,P86,1200.0,16.0,39.0,320.0,244.0,20.0,52.127867725448056
S0854,P86,1200.0,21.0,47.0,383.0,264.0,26.0,55.351327819776216
S0855,P86,1200.0,16.0,38.0,378.0,234.0,22.0,51.17326572886105
S0856,P86,1200.0,14.0,39.0,384.0,258.0,21.0,53.3485178204335
S0857,P86,1200.0,20.0,51.0,387.0,238.0,27.0,46.99017426366137
S0858,P86,1200.0,15.0,40.0,368.0,281.0,11.0,57.1327371467777
S0859,P86,1200.0,17.0,45.0,372.0,221.0,23.0,44.96537187956309
S0860,P86,1200.0,23.0,43.0,380.0,256.0,19.0,53.92482388859857
S0861,P87,1200.0,12.0,31.0,228.0,181.0,41.0,38.71768271849203
S0862,P87,1200.0,11.0,,235.0,168.0,53.0,38.791637988105236
S0863,P87,1200.0,13.0,23.0,228.0,180.0,42.0,43.01472671513079
S0864,P87,1200.0,12.0,31.0,232.0,175.0,51.0,
S0865,P87,1200.0,9.0,25.0,210.0,179.0,62.0,35.94051040929132
S0866,P87,1200.0,6.0,,226.0,179.0,59.0,37.82907306105232
S0867,P87,1200.0,8.0,37.0,250.0,211.0,36.0,44.09995048901685
S0868,P87,1200.0,10.0,29.0,233.0,189.0,44.0,36.9250680579755
S0869,P87,1200.0,14.0,27.0,228.0,202.0,42.0,40.4005181157777
S0870,P87,1200.0,12.0,30.0,223.0,162.0,45.0,46.31241141569238
S0871,P88,1200.0,10.0,15.0,229.0,,12.0,
S0872,P88,1200.0,4.0,14.0,215.0,92.0,7.0,13.716446470186076
S0873,P88,1200.0,5.0,11.0,189.0,82.0,5.0,14.274032106795357
S0874,P88,1200.0,2.0,13.0,169.0,79.0,10.0,8.453261841320966
S0875,P88,1200.0,2.0,22.0,187.0,64.0,7.0,7.397720366440724
S0876,P88,1200.0,8.0,15.0,188.0,93.0,8.0,13.941895678918288
S0877,P88,1200.0,4.0,11.0,195.0,75.0,7.0,11.262697708924403
S0878,P88,1200.0,4.0,8.0,187.0,85.0,8.0,10.818972664986998
S0879,P88,1200.0,7.0,15.0,190.0,87.0,11.0,14.013833910186056
S0880,P88,1200.0,3.0,16.0,196.0,85.0,14.0,9.146294268790927
S0881,P89,1200.0,16.0,38.0,338.0,237.0,25.0,51.471675013519324
S0882,P89,1200.0,13.0,46.0,328.0,242.0,23.0,45.15455728636021
S0883,P89,1200.0,22.0,43.0,357.0,271.0,36.0,46.76534570319424
S0884,P89,1200.0,22.0,44.0,381.0,257.0,25.0,53.910754348942426
S0885,P89,1200.0,11.0,39.0,361.0,238.0,19.0,52.12894675369631
S0886,P89,1200.0,18.0,54.0,361.0,261.0,29.0,52.110941689014325
S0887,P89,1200.0,16.0,39.0,351.0,222.0,26.0,48.709516098122606
S0888,P89,1200.0,13.0,44.0,345.0,232.0,23.0,49.38160747300498
S0889,P89,1200.0,14.0,39.0,358.0,243.0,22.0,47.9542496737693
S0890,P89,1200.0,18.0,44.0,341.0,235.0,25.0,52.15423266435744
S0891,P90,1200.0,15.0,32.0,,190.0,62.0,40.68045694091653
S0892,P90,1200.0,6.0,41.0,246.0,195.0,64.0,41.060546768270385
S0893,P90,1200.0,10.0,30.0,234.0,178.0,51.0,40.803592485875804
S0894,P90,1200.0,11.0,34.0,222.0,181.0,56.0,38.34521799720093
S0895,P90,1200.0,14.0,30.0,237.0,170.0,49.0,35.17142669841945
S0896,P90,1200.0,8.0,31.0,222.0,162.0,53.0,33.53773364935191
S0897,P90,1200.0,4.0,29.0,252.0,160.0,56.0,43.531261712523495
S0898,P90,1200.0,6.0,35.0,214.0,179.0,55.0,39.33721137470335
S0899,P90,1200.0,5.0,38.0,239.0,206.0,59.0,40.8875142610297
S0900,P90,1200.0,8.0,26.0,245.0,209.0,40.0,44.27655884383476
S0901,P91,1200.0,14.0,44.0,343.0,249.0,26.0,50.191561883620054
S0902,P91,1200.0,14.0,41.0,392.0,253.0,26.0,53.25815197377882
S0903,P91,1200.0,8.0,40.0,349.0,271.0,22.0,51.8594972910603
S0904,P91,1200.0,18.0,48.0,326.0,212.0,19.0,50.19324669250076
S0905,P91,1200.0,10.0,39.0,386.0,272.0,20.0,53.79207122992397
S0906,P91,1200.0,26.0,37.0,372.0,241.0,23.0,48.59149094229616
S0907,P91,1200.0,7.0,45.0,331.0,240.0,24.0,50.095969951038164
S0908,P91,1200.0,9.0,38.0,356.0,,20.0,52.37407344337543
S0909,P91,1200.0,15.0,39.0,320.0,240.0,,46.92357409078401
S0910,P91,1200.0,16.0,47.0,339.0,210.0,26.0,48.95230592139304
S0911,P92,1200.0,7.0,35.0,249.0,209.0,53.0,42.084143750434
S0912,P92,1200.0,12.0,27.0,229.0,179.0,27.0,37.20926633944613
S0913,P92,1200.0,9.0,32.0,231.0,183.0,59.0,39.03977423099462
S0914,P92,1200.0,8.0,33.0,239.0,195.0,55.0,43.73544326759616
S0915,P92,1200.0,13.0,,240.0,159.0,58.0,32.748954468456
S0916,P92,1200.0,12.0,35.0,230.0,190.0,43.0,39.22707869623571
S0917,P92,1200.0,9.0,34.0,240.0,184.0,41.0,37.98849392392934
S0918,P92,1200.0,7.0,20.0,226.0,177.0,42.0,35.897348872804095
S0919,P92,1200.0,8.0,29.0,236.0,209.0,34.0,42.60772393766183
S0920,P92,1200.0,11.0,27.0,240.0,183.0,53.0,36.72786176891562
S0921,P93,1200.0,4.0,13.0,195.0,96.0,5.0,14.54544131186644
S0922,P93,1200.0,2.0,22.0,196.0,92.0,18.0,6.3336838125750665
S0923,P93,1200.0,9.0,6.0,216.0,109.0,18.0,16.861187029351566
S0924,P93,1200.0,0.0,10.0,185.0,67.0,20.0,6.057987310210406
S0925,P93,1200.0,3.0,15.0,200.0,90.0,7.0,13.63700782197119
S0926,P93,1200.0,9.0,16.0,190.0,97.0,7.0,14.017331100199176
S0927,P93,1200.0,5.0,16.0,207.0,78.0,7.0,10.117788230858558
S0928,P93,1200.0,4.0,12.0,198.0,96.0,13.0,10.375379228902244
S0929,P93,1200.0,6.0,11.0,210.0,56.0,22.0,8.439193315076226
S0930,P93,1200.0,10.0,12.0,186.0,69.0,20.0,9.043176656257737
S0931,P94,1200.0,2.0,15.0,198.0,85.0,11.0,10.663417165989424
S0932,P94,1200.0,4.0,19.0,179.0,81.0,14.0,9.492980947081664
S0933,P94,1200.0,4.0,10.0,194.0,69.0,9.0,7.772869045400273
S0934,P94,1200.0,4.0,13.0,197.0,101.0,9.0,14.103633243043102
S0935,P94,1200.0,5.0,13.0,193.0,65.0,18.0,6.807792851167777
S0936,P94,1200.0,5.0,14.0,198.0,91.0,11.0,14.083865348335019
S0937,P94,1200.0,5.0,15.0,174.0,57.0,12.0,3.3722339790554545
S0938,P94,1200.0,2.0,15.0,188.0,80.0,10.0,11.102378948895822
S0939,P94,1200.0,7.0,11.0,205.0,68.0,8.0,8.605186692687912
S0940,P94,1200.0,4.0,12.0,196.0,79.0,11.0,9.437275250590249
S0941,P95,1200.0,1.0,14.0,179.0,85.0,14.0,13.639691344998333
S0942,P95,1200.0,10.0,16.0,203.0,82.0,14.0,9.154016603031362
S0943,P95,1200.0,3.0,17.0,185.0,95.0,14.0,9.802184381118892
S0944,P95,1200.0,4.0,16.0,179.0,81.0,13.0,11.815916406071779
S0945,P95,1200.0,7.0,13.0,226.0,94.0,12.0,17.660408629900363
S0946,P95,1200.0,3.0,7.0,182.0,64.0,17.0,5.215995237991729
S0947,P95,1200.0,2.0,13.0,173.0,86.0,15.0,8.384539518675242
S0948,P95,1200.0,6.0,15.0,196.0,75.0,13.0,13.346048516207118
S0949,P95,1200.0,9.0,6.0,183.0,100.0,10.0,18.36570936310819
S0950,P95,1200.0,6.0,18.0,209.0,78.0,16.0,7.7621062539322425
S0951,P96,1200.0,5.0,35.0,236.0,196.0,57.0,34.562833481367704
S0952,P96,1200.0,4.0,25.0,215.0,212.0,41.0,45.80991588431542
S0953,P96,1200.0,11.0,33.0,228.0,213.0,55.0,41.64752178621711
S0954,P96,1200.0,13.0,20.0,244.0,218.0,34.0,45.97771163494915
S0955,P96,1200.0,11.0,32.0,241.0,208.0,52.0,41.026294693400864
S0956,P96,1200.0,7.0,33.0,216.0,182.0,50.0,33.79844913334769
S0957,P96,1200.0,12.0,28.0,225.0,174.0,62.0,
S0958,P96,1200.0,12.0,30.0,232.0,202.0,40.0,37.93101684371288
S0959,P96,1200.0,,33.0,249.0,224.0,54.0,47.648510751272724
S0960,P96,1200.0,13.0,29.0,245.0,182.0,51.0,45.75169012610901
S0961,P97,1200.0,9.0,9.0,211.0,87.0,19.0,10.64073633017647
S0962,P97,1200.0,4.0,16.0,196.0,95.0,10.0,15.775956148272398
S0963,P97,1200.0,6.0,11.0,218.0,83.0,11.0,14.29081027697443
S0964,P97,1200.0,4.0,13.0,207.0,73.0,14.0,11.573583905536946
S0965,P97,1200.0,4.0,22.0,203.0,73.0,10.0,12.703845685757285
S0966,P97,1200.0,2.0,9.0,226.0,92.0,7.0,18.06886652007362
S0967,P97,1200.0,6.0,19.0,208.0,87.0,10.0,15.464034969436247
S0968,P97,1200.0,7.0,13.0,186.0,77.0,14.0,8.588384293132425
S0969,P97,1200.0,3.0,12.0,197.0,,19.0,5.449343520657787
S0970,P97,1200.0,1.0,9.0,195.0,57.0,12.0,5.019255072184991
S0971,P98,1200.0,13.0,36.0,340.0,241.0,26.0,48.98105504449203
S0972,P98,1200.0,11.0,46.0,360.0,206.0,30.0,51.46755064067943
S0973,P98,1200.0,10.0,44.0,353.0,231.0,,49.279794755406385
S0974,P98,1200.0,21.0,38.0,,252.0,17.0,55.85725588343765
S0975,P98,1200.0,22.0,32.0,358.0,243.0,24.0,47.308579618927105
S0976,P98,1200.0,19.0,31.0,392.0,257.0,12.0,63.33844667392678
S0977,P98,1200.0,12.0,34.0,350.0,230.0,,46.97371638278197
S0978,P98,1200.0,19.0,38.0,365.0,252.0,27.0,53.9911249605351
S0979,P98,1200.0,16.0,42.0,367.0,259.0,21.0,56.97571703508285
S0980,P98,1200.0,15.0,40.0,367.0,253.0,17.0,50.161971866606414
S0981,P99,1200.0,11.0,41.0,363.0,237.0,28.0,42.78370040009641
S0982,P99,1200.0,10.0,42.0,384.0,262.0,21.0,55.888447781587345
S0983,P99,1200.0,12.0,,347.0,240.0,20.0,47.990060432882615
S0984,P99,1200.0,16.0,45.0,348.0,246.0,24.0,48.60583321856625
S0985,P99,1200.0,23.0,39.0,391.0,263.0,21.0,58.60710595751493
S0986,P99,1200.0,14.0,32.0,352.0,280.0,14.0,59.329177006799796
S0987,P99,1200.0,20.0,46.0,367.0,240.0,19.0,55.34873109846739
S0988,P99,1200.0,8.0,44.0,357.0,231.0,12.0,49.69798163769274
S0989,P99,1200.0,17.0,43.0,351.0,248.0,19.0,52.46506952876731
S0990,P99,1200.0,13.0,32.0,376.0,255.0,20.0,54.03757029628611
S0991,P100,1200.0,12.0,63.0,270.0,268.0,27.0,26.926934698511882
S0992,P100,1200.0,7.0,54.0,204.0,245.0,22.0,21.870898378456218
S0993,P100,1200.0,12.0,43.0,254.0,325.0,19.0,38.13239870855645
S0994,P100,1200.0,8.0,50.0,271.0,299.0,19.0,30.42078425079981
S0995,P100,1200.0,7.0,59.0,252.0,287.0,33.0,28.31095542175805
S0996,P100,1200.0,12.0,52.0,242.0,,26.0,25.292027083831847
S0997,P100,1200.0,11.0,62.0,240.0,250.0,27.0,18.732144157967788
S0998,P100,1200.0,13.0,54.0,277.0,301.0,19.0,29.724786514032353
S0999,P100,1200.0,9.0,52.0,257.0,283.0,21.0,26.32762804162288
S1000,P100,1200.0,10.0,53.0,255.0,271.0,21.0,24.201554226411496
